<root>
	<ui name="startGame">Start Game</ui>
	<ui name="quitGame">Quit Game</ui>
	<ui name="gameTitle">Art Of Sword</ui>
	<ui name="primaryGladiator">Primary Gladiator</ui>
	<ui name="MediumGladiator">Medium Gladiator</ui>
	<ui name="JuniorGladiator">Junior Gladiator</ui>
	<ui name="returnMenu">return Menu</ui>
	<ui name="retry">Retry</ui>
	<ui name="backToMenu">Back to menu</ui>
	<ui name="winTheGame"> win The Game</ui>
	<ui name="gameHelp">Help</ui>
	<ui name="changLanguage">English/中文</ui>
	<ui name="basicOperation">
Basic Operation:
    X for defend, Z for attack, use left/right arrow to move.
    
Tip:
defendAttack:You can attack faster than normal during defence.
FirstAttackPrivilege:the one attack earlier will be safe. 
SeizeTheChance:Each person can be hit three times.
	</ui>
</root>